model,all,VN,HC
full,0.3015099844004887,0.2697821766131073,0.03172780778738135
no_c,0.2999295679599036,0.2683399424094845,0.03158962555041908
no_imb,1.2931928687164271,1.257755623748796,0.03543724496763121
no_lp,1.2818685379663155,1.2469789381934258,0.0348895997728897
