model,all,VN,HC
full,0.3015099844004887,0.2697821766131073,0.03172780778738135
no_c,0.30004138026686805,0.26853795898127614,0.03150342128559193
no_imb,1.2931928687164271,1.257755623748796,0.03543724496763121
no_lp,1.2818685379663155,1.2469789381934258,0.0348895997728897
